InNum,ProQANumber,CallDateTime,Timestamp,Address,AptLot,XCoord,YCoord,GridLoc,Disp,PDids,ExtNatureDisplayName,Report,PolArea,DOW,HourNum
2015066761,,4/14/15 23:58,1429073891,1400 FORUM BLVD-CO,2,-92.35848,38.93661,28231A,NR,200,911 CHECKS,,50W,Tuesday,23
2015066758,P20653,4/14/15 23:52,1429073550,4201 CLARK LN-CO,,-92.27338,38.96558,29044A,GOA,200,SUSPICIOUS VEHICLE,,40E,Tuesday,23
2015066757,,4/14/15 23:48,1429073299,100 TENTH ST S-CO,,-92.326,38.95019,28124S,2,200,911 CHECKS,,70D,Tuesday,23
2015066756,,4/14/15 23:44,1429073072,3100 WINGATE CT-CO,,-92.29179,38.95756,29082A,NR,200,CHECK OPEN BUSINESS,,80N,Tuesday,23
2015066753,,4/14/15 23:37,1429072643,1412 RANGE LINE ST-CO,,-92.32394,38.96612,28014Q,NR,200,SUSPICIOUS VEHICLE,,30S,Tuesday,23
2015066752,,4/14/15 23:36,1429072611,1412 RANGE LINE ST-CO,,-92.32394,38.96612,28014Q,NR,200,CHECK OPEN BUSINESS,,30S,Tuesday,23
2015066750,P20652,4/14/15 23:32,1429072369,3008 WORLEY ST W-CO,,-92.3827,38.96006,28094A,2,200,LAW ALARM,,50W,Tuesday,23
2015066749,P20651,4/14/15 23:27,1429072079,200 BLK BRYANT ST-CO,,-92.3377,38.9546,28123Q,GOA,200,PEACE DISTURBANCE,,20W,Tuesday,23
2015066746,P20650,4/14/15 23:26,1429072012,353 NORTH CEDAR LAKE DR W-CO,,-92.34847,38.89742,28354A,1,200,DISTURBANCE,2015-003995,60W,Tuesday,23
2015066744,,4/14/15 23:26,1429071984,500 COLLEGE AV N-CO,,-92.32109,38.95705,29071P,2,200,CHECK OPEN BUSINESS,,70,Tuesday,23
2015066745,,4/14/15 23:25,1429071958,HIGHWAY 63 S SB-CO/HIGHWAY AC-CO,,-92.2938,38.9129,29294A,NR,200,TRAFFIC HAZARD,,80S,Tuesday,23
2015066743,,4/14/15 23:25,1429071927,1600 CAPEN PARK DR-CO,,-92.32181,38.92964,29191A,NR,200,SUSPICIOUS VEHICLE,,80SP,Tuesday,23
2015066738,,4/14/15 23:19,1429071592,WORLEY ST W-CO/TIGER LN-CO,,-92.3701,38.961,28104A,WW,200,TRAFFIC STOP,,50E,Tuesday,23
2015066737,,4/14/15 23:19,1429071574,DERBY RIDGE DR-CO/BOLD RULER CT-CO,,-92.3128,39,24303A,WW,200,TRAFFIC STOP,,30N,Tuesday,23
2015066742,P20648,4/14/15 23:18,1429071503,3101 KEENE CT-CO,,-92.29189,38.95437,29084A,NR,200,SUSPICIOUS VEHICLE,,80N,Tuesday,23
2015066734,,4/14/15 23:11,1429071085,1400 FORUM BLVD-CO,,-92.35848,38.93661,28231A,2,200,911 CHECKS,,50W,Tuesday,23
2015066730,,4/14/15 23:06,1429070796,1615 BUSINESS LOOP 70 W-CO,,-92.36267,38.97245,28034A,10,200,TRAFFIC STOP,,10WP,Tuesday,23
2015066724,,4/14/15 22:57,1429070272,PROVIDENCE RD N-CO/TEXAS AV E-CO,,-92.3337,38.9702,28014P,2,200,TRAFFIC STOP,,10E,Tuesday,22
2015066726,M70071,4/14/15 22:57,1429070252,100 TENTH ST S-CO,,-92.326,38.95019,28124S,GOA,200,ASSIST MEDICS,,70D,Tuesday,22
2015066722,,4/14/15 22:57,1429070234,PROVIDENCE RD N-CO/FOREST AV E-CO,,-92.3339,38.963,28122P,1,200,TRAFFIC STOP,2015-003994,20E,Tuesday,22
2015066713,,4/14/15 22:41,1429069296,KENTUCKY BLVD-CO/CURTIS AV-CO,,-92.3327,38.9396,28134C,A,200,TRAFFIC STOP,2015-003993,MUPD,Tuesday,22
2015066711,,4/14/15 22:36,1429069013,GRINDSTONE PKWY-CO/ROCK QUARRY RD-CO,,-92.3132,38.9133,29301A,WW,200,TRAFFIC STOP,,60E,Tuesday,22
2015066712,P20642,4/14/15 22:36,1429069010,3301 LEMONE INDUSTRIAL BLVD-CO,,-92.29231,38.91352,29292A,NR,200,TRESPASSING,,80S,Tuesday,22
2015066710,,4/14/15 22:34,1429068866,WORLEY ST W-CO/PERSHING RD-CO,,-92.3574,38.9599,28113P,WW,200,TRAFFIC STOP,,20W,Tuesday,22
2015066708,,4/14/15 22:27,1429068437,508 NIFONG BLVD E-CO,,-92.33194,38.90949,28254A,WW,200,TRAFFIC STOP,,60E,Tuesday,22
2015066704,,4/14/15 22:22,1429068120,HUNT AV-CO/HUNT CT-CO,,-92.3605,38.9618,28111A,WW,200,TRAFFIC STOP,,20W,Tuesday,22
2015066701,,4/14/15 22:07,1429067227,2201 WORLEY ST W-CO,,-92.37293,38.96308,28101A,NR,200,911 CHECKS,,10W,Tuesday,22
2015066698,,4/14/15 22:06,1429067214,PROVIDENCE RD S-CO/MICK DEAVER DR-CO,,-92.3382,38.9301,28241A,10,200,TRAFFIC STOP,,60E,Tuesday,22
2015066702,P20640,4/14/15 22:05,1429067148,312 PROCTOR DR-CO,,-92.34236,38.97482,28011P,2,200,SUSPICIOUS INCIDENT,,10E,Tuesday,22
2015066699,P20639,4/14/15 22:05,1429067104,1910 WORLEY ST W-CO,,-92.36809,38.95954,28104A,NR,200,SUSPICIOUS INCIDENT,,50E,Tuesday,22
2015066694,,4/14/15 21:55,1429066547,FAIRVIEW RD S-CO/MALIBU CT-CO,,-92.3809,38.9424,28153A,2,200,TRAFFIC STOP,,50W,Tuesday,21
2015066695,,4/14/15 21:55,1429066526,1400 FORUM BLVD-CO,1B,-92.35911,38.93565,28231A,NR,200,911 CHECKS,,50W,Tuesday,21
2015066692,,4/14/15 21:47,1429066047,300 HICKMAN AV-CO,,-92.33389,38.95802,28122P,2,200,911 CHECKS,,20E,Tuesday,21
2015066691,,4/14/15 21:45,1429065918,1400 FORUM BLVD-CO,1B,-92.35911,38.93565,28231A,2,200,911 CHECKS,,50W,Tuesday,21
2015066681,,4/14/15 21:25,1429064725,5614 ST CHARLES RD E-BC,E,-92.25150283,38.96146215,29102B,WW,200,TRAFFIC STOP,,40E,Tuesday,21
2015066678,,4/14/15 21:22,1429064537,807 BUSINESS LOOP 70 W-CO,,-92.34957,38.9665,28024A,NR,200,CHECK SUBJECT,,20W,Tuesday,21
2015066675,,4/14/15 21:18,1429064332,DERBY RIDGE DR-CO/HIGH QUEST CIR-CO,,-92.3139,38.998,24303A,WW,200,TRAFFIC STOP,,30N,Tuesday,21
2015066673,P20636,4/14/15 21:09,1429063785,NIFONG BLVD E-CO/GRINDSTONE PKWY-CO,,-92.326,38.91,29303A,2,200,ACCIDENT,,60E,Tuesday,21
2015066672,,4/14/15 21:07,1429063671,3600 BLK WORLEY ST W-CO,,-92.3886,38.9616,28094A,NR,200,911 CHECKS,,50W,Tuesday,21
2015066684,P20635,4/14/15 21:07,1429063646,1107 BROADWAY W-CO,H,-92.3553,38.95299,28141A,2,200,PEACE DISTURBANCE,,50E,Tuesday,21
2015066663,,4/14/15 21:03,1429063426,BERNADETTE PL-CO/FAIRVIEW RD N-CO,,-92.3786,38.9678,28101A,2,200,SUSPICIOUS VEHICLE,,10W,Tuesday,21
2015066662,,4/14/15 21:02,1429063352,PARIS RD-CO/VANDIVER DR-CO,,-92.3025,38.9731,29051A,10,200,TRAFFIC STOP,,40W,Tuesday,21
2015066657,,4/14/15 20:54,1429062858,SYLVAN LN-CO/WHITE GATE DR-CO,,-92.3012,38.968,29053A,10,200,TRAFFIC STOP,,40W,Tuesday,20
2015066653,,4/14/15 20:48,1429062488,NELWOOD DR-CO/PARIS RD-CO,,-92.2977,38.9776,29051A,10,200,TRAFFIC STOP,,40W,Tuesday,20
2015066652,,4/14/15 20:47,1429062425,STADIUM BLVD E-CO/PROVIDENCE RD S-CO,,-92.3343,38.9379,28134A,2,200,TRAFFIC STOP,,60E,Tuesday,20
2015066656,P20632,4/14/15 20:45,1429062303,2700 BLK WALNUT ST E-CO,,0,0,29083A,NR,200,C&I DRIVING,,80N,Tuesday,20
2015066645,,4/14/15 20:30,1429061453,3421 CLARK LN-CO,,-92.28498,38.96447,29082A,2,200,911 CHECKS,,40W,Tuesday,20
2015066648,P20630,4/14/15 20:30,1429061430,4 FOURTH AV-CO,,-92.33842,38.96111,28121Q,2,200,CHECK THE WELFARE,,20E,Tuesday,20
2015066641,,4/14/15 20:26,1429061217,MEXICO GRAVEL RD-CO/ISHERWOOD DR-CO,,-92.2875,38.9805,24324A,10,200,TRAFFIC STOP,,40W,Tuesday,20
2015066642,P20629,4/14/15 20:23,1429061009,313 HIGHVIEW AV-CO,,-92.34284,38.96459,28121P,NR,200,SUSPICIOUS INCIDENT,,20W,Tuesday,20
2015066640,,4/14/15 20:23,1429060985,HIGHWAY 63 N SB-CO/I70 W-CO,,-92.2949,38.9623,29082A,2,200,TRAFFIC HAZARD,,80N,Tuesday,20
2015066638,,4/14/15 20:17,1429060652,2004 CORPORATE PL-CO,,-92.32858,38.97245,28012A,2,200,911 CHECKS,,10E,Tuesday,20
2015066639,P20628,4/14/15 20:17,1429060627,409 GARTH AV S-CO,,-92.33955,38.94615,28131R,2,200,PARKING VIOLATION,,50E,Tuesday,20
2015066634,,4/14/15 20:07,1429060036,800 BUSINESS LOOP 70 W-CO,,-92.34954,38.96565,28024A,2,200,911 CHECKS,,20W,Tuesday,20
2015066630,,4/14/15 20:07,1429060033,GREENWOOD AV S-CO/BROADWAY W-CO,,-92.3506,38.9519,28142P,WW,200,TRAFFIC STOP,,50E,Tuesday,20
2015066631,P20626,4/14/15 20:06,1429059989,4804 SILVER CLIFF DR-CO,,-92.4056,38.8973,33052B,CA,200,LAW ALARM,,60W,Tuesday,20
2015066632,P20625,4/14/15 20:05,1429059948,4801 THORNBROOK RDG-CO,,-92.40595,38.89497,33052B,R,200,FRAUD,2015-003990,60W,Tuesday,20
2015066626,,4/14/15 20:00,1429059624,BEARFIELD RD-CO/GRINDSTONE PKWY-CO,,-92.304,38.9133,29304A,10,200,TRAFFIC STOP,,80S,Tuesday,20
2015066621,,4/14/15 19:52,1429059161,WASHINGTON AV-CO/WILKES BLVD-CO,,-92.3315,38.9608,28122P,WW,200,TRAFFIC STOP,,20E,Tuesday,19
2015066624,,4/14/15 19:50,1429059003,HIGHWAY 63 N SB-CO/VANDIVER DR-CO,,-92.283,38.9766,29041A,NR,200,STALLED VEHICLE,,40W,Tuesday,19
2015066623,,4/14/15 19:48,1429058911,1417 RALEIGH DR-CO,,-92.31677,39.00123,24301B,NR,200,HARASSMENT,,30N,Tuesday,19
2015066614,,4/14/15 19:39,1429058343,205 BUSINESS LOOP 70 E-CO,,-92.33493,38.96512,28013S,NR,200,ASSIST OFFICER,,20E,Tuesday,19
2015066616,M70065,4/14/15 19:38,1429058311,1609 NATIVE DANCER DR-CO,,-92.31319,38.99725,24303A,R,200,ASSIST MEDICS,2015-003989,30N,Tuesday,19
2015066612,,4/14/15 19:38,1429058302,ANN ST N-CO/WINDSOR ST-CO,,-92.3144,38.9539,29073S,NR,200,CHECK SUBJECT,,70,Tuesday,19
2015066615,,4/14/15 19:36,1429058219,2600 BLK GLENN DR-CO,,-92.306,38.9778,29062A,NR,200,911 CHECKS,,30S,Tuesday,19
2015066611,,4/14/15 19:36,1429058174,1400 FORUM BLVD-CO,1B,-92.35911,38.93565,28231A,2,200,911 CHECKS,,50W,Tuesday,19
2015066608,,4/14/15 19:25,1429057557,2300 BERNADETTE DR-CO,,-92.37412,38.96392,28101A,NR,200,911 CHECKS,,10W,Tuesday,19
2015066601,P20623,4/14/15 19:18,1429057122,3211 CLARK LN-CO,A,-92.29003,38.96443,29082A,NR,200,LARCENY,,40W,Tuesday,19
2015066604,,4/14/15 19:18,1429057099,1609 KENILWORTH DR-CO,,-92.36413,38.90171,28344B,R,200,FRAUD,2015-003988,60W,Tuesday,19
2015066609,P20622,4/14/15 19:16,1429056972,901 NIFONG BLVD E-CO,A,-92.32897,38.91009,28254A,2,200,PARKING VIOLATION,,60E,Tuesday,19
2015066595,,4/14/15 19:12,1429056774,PARK AV-CO/FIFTH ST N-CO,,-92.3318,38.9546,28124P,WW,200,TRAFFIC STOP,,20E,Tuesday,19
2015066592,P20618,4/14/15 19:02,1429056170,800 BLK OAK LAWN DR-CO,,-92.351568,38.915957,28264A,NR,200,SUSPICIOUS INCIDENT,,60E,Tuesday,19
2015066584,P20617,4/14/15 18:57,1429055839,3406 RANGE LINE ST-CO,89,-92.32324,38.98348,23362A,NR,200,ASSIST CITIZEN,,30S,Tuesday,18
2015066576,,4/14/15 18:54,1429055673,6 AUSTIN AV-CO,,-92.33795,38.96371,28121Q,NR,200,TRAFFIC STOP,,20E,Tuesday,18
2015066589,P20616,4/14/15 18:54,1429055653,STADIUM BLVD E-CO/HIGHWAY 63 S NB-CO,,-92.2948,38.9322,29201A,NR,200,ANIMAL COMPLAINT,,80S,Tuesday,18
2015066574,P20615,4/14/15 18:49,1429055396,205 BUSINESS LOOP 70 E-CO,,-92.33493,38.96512,28013S,NR,200,DISTURBANCE,,20E,Tuesday,18
2015066570,,4/14/15 18:47,1429055279,BROWN STATION RD-CO/MOJAVE CT-CO,,-92.2831,39.0067,24281A,10,200,TRAFFIC STOP,,30N,Tuesday,18
2015066578,P20614,4/14/15 18:47,1429055226,408 GARTH AV S-CO,,-92.33892,38.94637,28131R,2,200,PARKING VIOLATION,,50E,Tuesday,18
2015066577,P20613,4/14/15 18:39,1429054792,3210 PROVIDENCE RD S-CO,,-92.33293,38.91552,28252A,1,200,LARCENY,2015-003987,60E,Tuesday,18
2015066539,,4/14/15 18:13,1429053199,EIGHTH ST S-CO/CHERRY ST-CO,,-92.3286,38.9505,28124R,A,200,CHECK SUBJECT,2015-003982,70D,Tuesday,18
2015066537,,4/14/15 18:12,1429053153,SMILEY LN-CO/RANGE LINE ST-CO,,-92.3238,38.9931,23362A,WW,200,TRAFFIC STOP,,10E,Tuesday,18
2015066555,P20610,4/14/15 18:11,1429053083,4632 APPLE TREE LN-CO,D,-92.34929,38.89998,28354A,NR,200,PEACE DISTURBANCE,,60W,Tuesday,18
2015066536,P20608,4/14/15 18:09,1429052949,2200 BERNADETTE DR-CO,,-92.37373,38.96464,28101A,R,200,LARCENY,2015-003984,10W,Tuesday,18
2015066543,,4/14/15 18:03,1429052593,111 BLK HITT ST-CO,,0,0,28124S,NR,200,911 CHECKS,,70D,Tuesday,18
2015066560,P20607,4/14/15 17:57,1429052249,LOCUST ST-CO/HITT ST-CO,,-92.3255,38.9494,29181Q,GOA,200,PEACE DISTURBANCE,,70,Tuesday,17
2015066526,,4/14/15 17:56,1429052194,1615 BUSINESS LOOP 70 E-CO,,-92.314857,38.963919,29063Q,2,200,ASSIST CITIZEN,,30S,Tuesday,17
2015066519,,4/14/15 17:44,1429051449,5200 BLK CURRITUCK LN-CO,,-92.32536,38.99034,24301B,NR,200,PARKING VIOLATION,,30N,Tuesday,17
2015066521,P20605,4/14/15 17:41,1429051317,EIGHTH ST S-CO/CHERRY ST-CO,,-92.3286,38.9505,28124R,R,200,CHECK SUBJECT,2015-003981,70D,Tuesday,17
2015066520,,4/14/15 17:39,1429051178,PROVIDENCE RD N-CO/I70 E-CO,,-92.3341,38.9681,28014P,2,200,ACCIDENT,,20E,Tuesday,17
2015066531,,4/14/15 17:37,1429051077,GARTH AV N-CO/ASH ST E-CO,,-92.3389,38.954,28123Q,NR,200,SHOTS FIRED,,20W,Tuesday,17
2015066515,,4/14/15 17:36,1429051013,EDENTON BLVD-CO/BROWN SCHOOL RD E-CO,,-92.3179,39.0024,24301B,U,200,TRAFFIC STOP,,30N,Tuesday,17
2015066517,P20604,4/14/15 17:27,1429050473,900 BLK KEENE ST N-CO,,-92.2889,38.9604,29082A,NR,200,TRAFFIC,,80N,Tuesday,17
2015066512,P20603,4/14/15 17:27,1429050433,RANGE LINE ST-CO/BIG BEAR BLVD-CO,,-92.3264,38.9771,28012A,8,200,ACCIDENT,,30S,Tuesday,17
2015066511,P20602,4/14/15 17:25,1429050342,1800 I70 DR SOUTHWEST-CO,302,-92.36555,38.96542,28102A,R,200,LARCENY,2015-003979,10W,Tuesday,17
2015066522,P20600,4/14/15 17:20,1429050003,1000 CLAUDELL LN-CO,101,-92.36547,38.96346,28102A,NR,200,CIVIL MATTER,,10W,Tuesday,17
2015066503,P20598,4/14/15 17:16,1429049798,1312 RALEIGH DR-CO,,-92.31889,39.00083,24301B,R,200,BURGLARY,2015-003980,30N,Tuesday,17
2015066501,,4/14/15 17:13,1429049631,1400 FORUM BLVD-CO,1B,-92.35911,38.93565,28231A,NR,200,911 CHECKS,,50W,Tuesday,17
2015066495,,4/14/15 17:10,1429049442,503 PROVIDENCE RD N-CO,,-92.33438,38.95766,28121Q,2,200,ASSIST MEDICS,,20E,Tuesday,17
2015066497,,4/14/15 17:10,1429049410,1712 EAST POINTE DR-CO,,-92.2988,38.92841,29201A,NR,200,911 CHECKS,,80S,Tuesday,17
2015066542,P20595,4/14/15 17:01,1429048889,1412 GRINDSTONE PLAZA DR-CO,,-92.31939,38.91119,29303A,1,200,LARCENY MV,2015-003985,60E,Tuesday,17
2015066484,,4/14/15 16:56,1429048574,503 PROVIDENCE RD N-CO,,-92.33438,38.95766,28121Q,NR,200,MEDICAL EMERGENCY,,20E,Tuesday,16
2015066483,P20593,4/14/15 16:51,1429048310,3603 BIRCH BANK CT-CO,,-92.39117,38.91479,28284B,NR,200,LAW ALARM,,60W,Tuesday,16
2015066477,,4/14/15 16:48,1429048107,2409 CIMARRON DR-CO,,-92.34957,38.92493,28234A,NR,200,911 CHECKS,,60E,Tuesday,16
2015066475,,4/14/15 16:47,1429048048,BODIE DR-CO/GREENSBORO DR-CO,,-92.3159,39.0069,24301B,NR,200,CHECK SUBJECT,,30N,Tuesday,16
2015066482,P20591,4/14/15 16:38,1429047500,1609 COLONIAL CT-CO,,-92.29945,38.96866,29053A,1,200,FRAUD,2015-003978,40W,Tuesday,16
2015066466,,4/14/15 16:35,1429047331,EDENTON BLVD-CO/BODIE DR-CO,,-92.3189,39.0058,24301B,NR,200,SUSPICIOUS VEHICLE,,30N,Tuesday,16
2015066523,P20590,4/14/15 16:33,1429047195,3605 PIMLICO DR-CO,,-92.30454,38.90952,29304A,NR,200,ACCIDENT,,60E,Tuesday,16
2015066478,,4/14/15 16:31,1429047091,2500 BLK FELDSPAR CT-CO,,,,29032Y,NR,200,911 CHECKS,,40E,Tuesday,16
2015066514,,4/14/15 16:29,1429046980,122 NINTH ST S-CO,,-92.32737,38.9498,28124S,2,200,ASSIST CITIZEN,,70D,Tuesday,16
2015066460,,4/14/15 16:27,1429046879,106 PINEWOOD DR-CO,,-92.35643,38.95485,28113Q,2,200,PARKING VIOLATION,,50E,Tuesday,16
2015066464,,4/14/15 16:27,1429046838,1712 EAST POINTE DR-CO,,-92.2988,38.92841,29201A,NR,200,911 CHECKS,,80S,Tuesday,16
2015066563,P20589,4/14/15 16:25,1429046708,BROADWAY W-CO/FAIRVIEW RD N-CO,,-92.3807,38.9547,28151A,NR,200,TRAFFIC,,50W,Tuesday,16
2015066459,P20587,4/14/15 16:22,1429046541,5010 CLARK LN-CO,205,-92.25887,38.96145,29101A,1,200,MISSING PERSON,2015-003975,40E,Tuesday,16
2015066448,P20583,4/14/15 16:07,1429045657,4500 BETHEL ST-CO,,-92.34396,38.90289,28352A,CIT,200,DISTURBANCE,,60WP,Tuesday,16
2015066450,,4/14/15 16:06,1429045592,1001 WALNUT ST E-CO,,-92.32623,38.95277,28124Q,NR,200,911 CHECKS,,70D,Tuesday,16
2015066444,P20582,4/14/15 16:02,1429045358,ASH ST E-CO/GARTH AV N-CO,,-92.3389,38.954,28123Q,NR,200,SUSPICIOUS INCIDENT,,50E,Tuesday,16
2015066436,P20581,4/14/15 15:56,1429044998,500 NIFONG BLVD E-CO,,-92.33269,38.90954,28254A,5,200,DISTURBANCE,2015-003973,60E,Tuesday,15
2015066430,P20579,4/14/15 15:52,1429044774,1116 BUSINESS LOOP 70 E-CO,,-92.3234,38.96377,29063Q,1,200,LEAVING THE SCENE ACCIDENT,2015-003972,20E,Tuesday,15
2015066428,,4/14/15 15:51,1429044718,BUSINESS LOOP 70 E-CO/OLD 63 N-CO,,-92.31,38.9639,29064A,C,200,TRAFFIC STOP,,40W,Tuesday,15
2015066474,,4/14/15 15:50,1429044605,600 WALNUT ST E-CO,,-92.33047,38.95248,28124R,2,200,ASSIST CITIZEN,,70D,Tuesday,15
2015066442,,4/14/15 15:49,1429044583,600 WALNUT ST E-CO,,-92.33047,38.95248,28124R,2,200,ASSIST CITIZEN,,70D,Tuesday,15
2015066425,P20578,4/14/15 15:48,1429044483,501 BROADWAY E-CO,,-92.33136,38.95197,28124R,1,200,ACCIDENT,2015-003971,70D,Tuesday,15
2015066533,P20577,4/14/15 15:44,1429044293,201 ORLEANS CT-CO,,-92.3838,38.95885,28094A,1,200,BURGLARY,2015-003983,50W,Tuesday,15
2015066410,P20576,4/14/15 15:36,1429043768,PARIS RD-CO/HIGHWAY 63 N NB-CO,,-92.2858,38.9883,24322A,2,200,TRAFFIC HAZARD,,30N,Tuesday,15
2015066407,,4/14/15 15:36,1429043767,BUSINESS LOOP 70 E-CO/HATHMAN PL-CO,,-92.3068,38.9638,29064A,C,200,TRAFFIC STOP,,40W,Tuesday,15
2015066399,P20573,4/14/15 15:27,1429043264,4916 BROWN STATION RD-CO,39,-92.28423,39.00182,24292A,NR,200,TRESPASSING,,30N,Tuesday,15
2015066396,,4/14/15 15:23,1429043003,2000 BLK WORLEY ST W-CO,,-92.3698,38.961,28104A,2,200,911 CHECKS,,50E,Tuesday,15
2015066419,P20572,4/14/15 15:20,1429042827,2200 I70 DR SOUTHWEST-CO,E,-92.37346,38.96694,28101A,1,200,SUSPICIOUS PERSON,2015-003976,10W,Tuesday,15
2015066391,P20571,4/14/15 15:18,1429042706,4603 SUMMER BROOK CT-CO,,-92.40463,38.89301,33052B,VA,200,LAW ALARM,,60W,Tuesday,15
2015066384,,4/14/15 15:15,1429042547,CARRIE FRANCKE DR-CO/RESEARCH PARK DR-CO,,-92.339321,38.933816,28241A,2,200,ACCIDENT,,MUPD,Tuesday,15
2015066394,,4/14/15 15:15,1429042533,5300 TALL TREE CT-CO,,-92.25761,38.98105,24343A,1,200,FRAUD,2015-003967,40E,Tuesday,15
2015066420,P20569,4/14/15 15:14,1429042461,603 WILDROSE PL-CO,,-92.26496,38.95688,29101A,R,200,FRAUD,2015-003969,80N,Tuesday,15
2015066409,,4/14/15 15:03,1429041786,600 WALNUT ST E-CO,,-92.33047,38.95248,28124R,2,200,ASSIST CITIZEN,,70D,Tuesday,15
2015066408,,4/14/15 14:56,1429041365,600 WALNUT ST E-CO,,-92.33047,38.95248,28124R,2,200,ASSIST CITIZEN,,70D,Tuesday,14
2015066367,,4/14/15 14:55,1429041325,1234 I70 W-CO,,-92.3915,38.9703,28081X,AI,200,ACCIDENT,,10W,Tuesday,14
2015066370,,4/14/15 14:53,1429041222,BUSINESS LOOP 70 W-CO/I70 DR SOUTHWEST-CO,,-92.3502,38.9663,28024A,NR,200,STALLED VEHICLE,,20W,Tuesday,14
2015066397,P20566,4/14/15 14:50,1429041026,FAIRVIEW AV-CO/EIGHTH ST N-CO,,-92.3263,38.9613,28122P,NR,200,ABANDONED VEHICLE,,20E,Tuesday,14
2015066404,,4/14/15 14:48,1429040934,1400 FORUM BLVD-CO,1B,-92.35911,38.93565,28231A,NR,200,911 CHECKS,,50W,Tuesday,14
2015066364,P20565,4/14/15 14:47,1429040848,1117 ELLETA BLVD-CO,,-92.32244,38.97522,29061P,2,200,TRESPASSING,,30S,Tuesday,14
2015066371,,4/14/15 14:42,1429040522,600 WALNUT ST E-CO,,-92.33047,38.95248,28124R,2,200,ASSIST CITIZEN,,70D,Tuesday,14
2015066382,,4/14/15 14:36,1429040189,5390 PEABODY RD-CO,,-92.25465,39.01305,24212A,NR,200,911 CHECKS,,30N,Tuesday,14
2015066405,,4/14/15 14:32,1429039942,3001 BROADWAY W-CO,,-92.38247,38.95696,28162A,NR,200,911 CHECKS,,50W,Tuesday,14
2015066386,P20564,4/14/15 14:30,1429039810,1009 SMILEY LN-CO,,-92.32438,38.99361,23362A,R,200,LEAVING THE SCENE ACCIDENT,2015-003970,10E,Tuesday,14
2015066416,P20562,4/14/15 14:25,1429039547,100 BROADWAY W-CO,,-92.33983,38.95108,28123R,1,200,LARCENY,2015-003974,50E,Tuesday,14
2015066355,P20561,4/14/15 14:24,1429039481,1812 MONROE ST-CO,,-92.31037,38.96175,29072A,1,200,LARCENY,2015-003968,70,Tuesday,14
2015066350,,4/14/15 14:21,1429039308,1900 I70 DR SOUTHWEST-CO,,-92.36725,38.96622,28102A,2,200,CHECK SUBJECT,,10W,Tuesday,14
2015066347,,4/14/15 14:19,1429039163,1122 LAKEVIEW AV-CO,,-92.32254,38.96465,29063Q,2,200,CHECK OPEN BUSINESS,,30S,Tuesday,14
2015066344,,4/14/15 14:16,1429039017,1000 BROADWAY E-CO,,-92.32623,38.9513,28124S,2,200,CHECK SUBJECT,,70D,Tuesday,14
2015066340,,4/14/15 14:13,1429038810,500 COLLEGE AV N-CO,,-92.32109,38.95705,29071P,2,200,CHECK OPEN BUSINESS,,70,Tuesday,14
2015066337,,4/14/15 14:08,1429038536,600 BROADWAY E-CO,,-92.3305,38.95132,28124R,2,200,SPECIAL ASSIGNMENT,,70D,Tuesday,14
2015066333,,4/14/15 14:02,1429038156,3910 BUTTONWOOD DR-CO,,-92.33316,38.90738,28254A,NR,200,CHECK SUBJECT,,60E,Tuesday,14
2015066348,P20555,4/14/15 14:01,1429038071,3030 I70 DR SOUTHEAST-CO,,-92.29069,38.96016,29082A,1,200,SUSPICIOUS PERSON,2015-003962,80N,Tuesday,14
2015066331,P20554,4/14/15 13:53,1429037594,1201 PANNELL ST-CO,,-92.32383,38.96312,29071R,2,200,HARASSMENT,,20E,Tuesday,13
2015066325,,4/14/15 13:48,1429037322,3421 CLARK LN-CO,,-92.28498,38.96447,29082A,2,200,CHECK SUBJECT,,40W,Tuesday,13
2015066326,F26181,4/14/15 13:46,1429037187,328 SEXTON RD W-CO,,0,0,28121P,8,200,ACCIDENT,,20W,Tuesday,13
2015066324,P20552,4/14/15 13:46,1429037163,610 COOPER DR NORTH-CO,,-92.331105,38.908656,28254A,2,200,DISTURBANCE,,60E,Tuesday,13
2015066439,,4/14/15 13:43,1429037038,240 APPLE TREE CT-CO,5,-92.34686,38.89857,28354A,2,200,CIVIL MATTER,,60W,Tuesday,13
2015066308,,4/14/15 13:32,1429036367,CLARK LN-CO/CREEKWOOD PKWY-CO,,-92.2873,38.9639,29082A,2,200,ACCIDENT,,40W,Tuesday,13
2015066310,F26178,4/14/15 13:31,1429036286,3400 BLK CLARK LN-CO,,-92.28734,38.96023,29082A,NR,200,ACCIDENT,,40W,Tuesday,13
2015066300,,4/14/15 13:16,1429035378,2420 WHITE GATE DR-CO,,-92.30042,38.96784,29053A,NR,200,DISTURBANCE,,40W,Tuesday,13
2015066293,,4/14/15 13:08,1429034894,5801 ARBOR POINTE PKWY-CO,,-92.28727,39.01342,24211A,2,200,CHECK OPEN BUSINESS,,30N,Tuesday,13
2015066289,,4/14/15 13:04,1429034680,BROWN STATION RD-CO/LEEWAY DR-CO,,-92.2932,38.9865,24321A,NR,200,TRAFFIC HAZARD,,30N,Tuesday,13
2015066292,P20546,4/14/15 13:01,1429034474,260 TENTH ST S-CO,,-92.32631,38.94893,28132Q,GOA,200,TRESPASSING,,70D,Tuesday,13
2015066304,P20547,4/14/15 13:00,1429034456,305 COLLEGE AV N-CO,,-92.32187,38.95483,29073Q,1,200,BURGLARY,2015-003959,70,Tuesday,13
2015066281,,4/14/15 12:57,1429034228,STADIUM BLVD W-CO/FORUM BLVD-CO,,-92.3593,38.9381,28231A,2,200,TRAFFIC STOP,,50E,Tuesday,12
2015066275,,4/14/15 12:51,1429033916,126 TENTH ST N-CO,,-92.32624,38.95339,28124Q,2,200,CHECK SUBJECT,,70D,Tuesday,12
2015066295,P20545,4/14/15 12:51,1429033867,3101 BROADWAY W-CO,101,-92.38361,38.9569,28162A,2,200,PEACE DISTURBANCE,,50W,Tuesday,12
2015066287,,4/14/15 12:49,1429033792,511 WALNUT ST E-CO,,-92.33135,38.95294,28124R,NR,200,CHECK SUBJECT,,70D,Tuesday,12
2015066272,P20543,4/14/15 12:44,1429033460,900 VANDIVER DR-CO,248,-92.32667,38.97065,28012A,2,200,TRESPASSING,,10E,Tuesday,12
2015066288,,4/14/15 12:43,1429033417,5400 THORNBROOK PKWY-CO,,-92.4088,38.89466,33052B,1,200,FRAUD,2015-003958,60W,Tuesday,12
2015066265,,4/14/15 12:41,1429033282,101 FOURTH ST S-CO,,-92.33325,38.9504,28124R,2,200,CHECK SUBJECT,,70DP,Tuesday,12
2015066273,,4/14/15 12:39,1429033171,2404 WHITE GATE DR-CO,16,-92.30224,38.9673,29053A,2,200,SUSPICIOUS PERSON,,40W,Tuesday,12
2015066284,,4/14/15 12:37,1429033059,1012 SMILEY LN-CO,,-92.32434,38.99273,23362A,NR,200,C&I DRIVING,,10E,Tuesday,12
2015066257,,4/14/15 12:29,1429032543,3707 CHESTNUT DR-CO,,-92.28053,39.01691,24211A,NR,200,911 CHECKS,,30N,Tuesday,12
2015066259,P20540,4/14/15 12:27,1429032446,3405 OAKLAND PL-CO,,-92.30478,38.98474,24314A,1,200,DISTURBANCE,2015-003957,30S,Tuesday,12
2015066249,,4/14/15 12:22,1429032137,5013 GLENCAIRN DR-CO,,-92.36206,38.89625,28353A,1,200,FRAUD,2015-003955,60W,Tuesday,12
2015066247,,4/14/15 12:21,1429032092,1701 ASH ST W-CO,,-92.36492,38.95864,28104A,1,200,LARCENY,2015-003954,50EP,Tuesday,12
2015066245,,4/14/15 12:20,1429032046,THORNBROOK RDG-CO/SCOTT BLVD S-CO,,-92.4006,38.8961,33052B,5,200,TRAFFIC STOP,,60W,Tuesday,12
2015066255,,4/14/15 12:18,1429031932,3600 WORLEY ST W-CO,,-92.38858,38.95991,28094A,NR,200,911 CHECKS,,50W,Tuesday,12
2015066242,P20538,4/14/15 12:15,1429031716,2004 AMERICUS DR-CO,,-92.30807,38.9967,24304A,NR,200,CHECK BUILDING,,30N,Tuesday,12
2015066256,,4/14/15 12:14,1429031657,220 APPLE TREE CT-CO,6,-92.34595,38.89909,28354A,NR,200,911 CHECKS,,60W,Tuesday,12
2015066314,P20537,4/14/15 12:08,1429031306,400 LAWRENCE PL-CO,,-92.318,38.94724,29181P,2,200,ABANDONED VEHICLE,,70,Tuesday,12
2015066234,F26169,4/14/15 12:01,1429030876,PROVIDENCE RD S-CO/CARRIE FRANCKE DR-CO,,-92.337,38.9335,28241A,8,200,ACCIDENT,,60E,Tuesday,12
2015066335,P20535,4/14/15 12:01,1429030867,5207 BEACON FALLS DR-CO,,-92.41058,38.89825,33052B,1,200,FRAUD,2015-003960,60W,Tuesday,12
2015066232,,4/14/15 12:00,1429030853,BROADWAY E-CO/TENTH ST N-CO,,-92.3265,38.9515,28124S,2,200,FOOT PATROL,,70D,Tuesday,12
2015066297,P20534,4/14/15 11:57,1429030670,ROSS ST-CO/WILLIAM ST S-CO,,-92.3172,38.9438,29181P,7,200,PARKING VIOLATION,,70,Tuesday,11
2015066413,P20533,4/14/15 11:52,1429030357,4200 BETHEL ST-CO,,-92.34206,38.90523,28352A,2,200,RECOVER PROPERTY,,60W,Tuesday,11
2015066267,P20532,4/14/15 11:44,1429029849,2005 LIMESTONE AV-CO,,-92.40859,38.93382,28204A,2,200,CIVIL MATTER,,50W,Tuesday,11
2015066222,P20529,4/14/15 11:40,1429029630,1100 SMILEY LN-CO,,-92.32319,38.99274,24303A,2,200,ACCIDENT,,30N,Tuesday,11
2015066248,,4/14/15 11:34,1429029250,2011 WARWICK ST-CO,B,-92.31091,38.97211,29062A,NR,200,911 CHECKS,,30S,Tuesday,11
2015066211,,4/14/15 11:32,1429029127,1021 BROADWAY E-CO,,-92.32577,38.95166,28124S,2,200,CHECK OPEN BUSINESS,,70D,Tuesday,11
2015066208,,4/14/15 11:24,1429028694,19 SIXTH ST S-CO,,-92.33104,38.95092,28124R,2,200,CHECK OPEN BUSINESS,,70D,Tuesday,11
2015066210,,4/14/15 11:24,1429028640,325 BURNAM RD W-CO,,-92.34412,38.93988,28133A,1,200,DISTURBANCE,2015-003953,60E,Tuesday,11
2015066220,,4/14/15 11:19,1429028396,915 DANFORTH DR-CO,,-92.3042,38.93792,29184A,1,200,FRAUD,2015-003952,80S,Tuesday,11
2015066231,,4/14/15 11:09,1429027743,210 UNITY DR-CO,A,-92.34163,38.95623,28123P,1,200,FRAUD,2015-003950,20W,Tuesday,11
2015066198,P20528,4/14/15 11:00,1429027249,1412 RANGE LINE ST-CO,,-92.32394,38.96612,28014Q,2,200,ABANDONED VEHICLE,,30S,Tuesday,11
2015066193,,4/14/15 10:56,1429026973,3405 OAKLAND PL-CO,,-92.30478,38.98474,24314A,2,200,CHECK OPEN BUSINESS,,30S,Tuesday,10
2015066182,,4/14/15 10:35,1429025753,STADIUM BLVD S-CO/ROLLINS RD-CO,,-92.3715,38.9466,28154A,2,200,TRAFFIC STOP,,50E,Tuesday,10
2015066202,P20527,4/14/15 10:33,1429025606,5013 GLENCAIRN DR-CO,,-92.36206,38.89625,28353A,1,200,FRAUD,2015-003951,60W,Tuesday,10
2015066181,,4/14/15 10:32,1429025564,600 WALNUT ST E-CO,,-92.33047,38.95248,28124R,1,200,RECOVER PROPERTY,2015-003948,70D,Tuesday,10
2015066177,,4/14/15 10:28,1429025299,STADIUM BLVD S-CO/ROLLINS RD-CO,,-92.3715,38.9466,28154A,10,200,TRAFFIC STOP,,50E,Tuesday,10
2015066170,P20526,4/14/15 10:15,1429024506,SCOTT BLVD-CO/CHAPEL HILL RD-CO,,-92.3996,38.9344,28213A,2,200,ACCIDENT,,50W,Tuesday,10
2015066167,,4/14/15 10:10,1429024258,STADIUM BLVD S-CO/ROLLINS RD-CO,,-92.3715,38.9466,28154A,7,200,TRAFFIC STOP,,50E,Tuesday,10
2015066165,,4/14/15 10:05,1429023951,1104 PROVIDENCE RD N-CO,HIGH,-92.33143,38.96336,28122P,2,200,SPECIAL ASSIGNMENT,,20E,Tuesday,10
2015066164,,4/14/15 10:05,1429023950,3700 WOODLAND DR-CO,,-92.29653,38.98768,24321A,2,200,CHECK OPEN BUSINESS,,30N,Tuesday,10
2015066172,,4/14/15 9:51,1429023113,2703 CLARK LN-CO,,-92.29581,38.96455,29081A,2,200,911 CHECKS,,40W,Tuesday,9
2015066159,P20525,4/14/15 9:47,1429022878,123 NINTH ST S-CO,,-92.32796,38.94969,28124S,2,200,TRESPASSING,,70D,Tuesday,9
2015066160,P20524,4/14/15 9:45,1429022701,1500 VANDIVER DR-CO,110,-92.31592,38.97022,29061Q,1,200,SUSPICIOUS PERSON,2015-003946,30S,Tuesday,9
2015066155,M69978,4/14/15 9:44,1429022698,3300 NEW HAVEN RD-CO,310A,-92.28996,38.91217,29292A,2,200,ASSIST MEDICS,,80S,Tuesday,9
2015066154,,4/14/15 9:34,1429022043,500 WALNUT ST E-CO,,-92.33125,38.95246,28124R,2,200,911 CHECKS,,70D,Tuesday,9
2015066151,P20523,4/14/15 9:32,1429021951,HIGHWAY 63 N NB-CO/ROUTE B-CO,,-92.2858,38.9883,24322A,2,200,TRAFFIC HAZARD,,40W,Tuesday,9
2015066153,P20522,4/14/15 9:30,1429021858,3612 BETHEL ST-CO,,-92.34395,38.9117,28264A,1,200,AUTO THEFT,2015-003949,60W,Tuesday,9
2015066150,P20521,4/14/15 9:30,1429021831,1000 YALE ST-CO,,-92.37028,38.94236,28154A,1,200,FRAUD,2015-003945,50E,Tuesday,9
2015066146,,4/14/15 9:25,1429021511,I70 E-CO/PROVIDENCE RD N-CO,,-92.3341,38.9681,28014U,2,200,C&I DRIVING,,10E,Tuesday,9
2015066145,P20520,4/14/15 9:23,1429021410,I70 W-CO/STADIUM BLVD N-CO,,-92.3711,38.9683,28101V,NR,200,TRAFFIC,,10W,Tuesday,9
2015066133,,4/14/15 9:02,1429020134,702 LEE ST-CO,,-92.32046,38.9435,29181P,C,200,PARKING VIOLATION,,70,Tuesday,9
2015066318,,4/14/15 9:00,1429020037,4000 PROVIDENCE RD S-CO,,-92.33359,38.90589,28362A,1,200,LARCENY,2015-003961,60E,Tuesday,9
2015066129,,4/14/15 8:57,1429019858,1400 ROSS ST-CO,,-92.320459,38.943694,29181P,C,200,PARKING VIOLATION,,70,Tuesday,8
2015066125,P20519,4/14/15 8:46,1429019219,1729 BROADWAY W-CO,D,-92.36469,38.95381,28152A,FA,200,LAW ALARM,,50E,Tuesday,8
2015066123,P20518,4/14/15 8:41,1429018870,2529 PROVIDENCE RD S-CO,D,-92.3393,38.92101,28243A,2,200,KEEP THE PEACE,,60E,Tuesday,8
2015066115,,4/14/15 8:36,1429018565,BROWN SCHOOL RD E-CO/HIGHWAY 63 N SB-CO,,-92.3014,39.0008,24304B,7,200,TRAFFIC STOP,,30N,Tuesday,8
2015066113,,4/14/15 8:31,1429018315,3100 BASS PRO DR-CO,,,,29052A,2,200,911 CHECKS,,40W,Tuesday,8
2015066111,P20516,4/14/15 8:28,1429018113,4306 MONTPELIER PL-CO,,-92.3505,38.90421,28352A,CA,200,LAW ALARM,,60W,Tuesday,8
2015066110,,4/14/15 8:26,1429017970,1010 SEVENTH ST N-CO,,-92.32906,38.96259,28122P,2,200,911 CHECKS,,20E,Tuesday,8
2015066094,P20515,4/14/15 8:06,1429016768,2201 SMILEY LN-CO,,-92.30553,38.99535,24312A,2,200,TRESPASSING,,30N,Tuesday,8
2015066092,,4/14/15 8:00,1429016428,405 NIFONG BLVD E-CO,,-92.33361,38.91205,28254A,2,200,911 CHECKS,,60E,Tuesday,8
2015066088,,4/14/15 7:59,1429016385,4600 BETHEL ST-CO,,-92.34367,38.89999,28354A,2,200,SPECIAL ASSIGNMENT,,60W,Tuesday,7
2015066085,,4/14/15 7:57,1429016225,1104 PROVIDENCE RD N-CO,HIGH,-92.33143,38.96336,28122P,2,200,SPECIAL ASSIGNMENT,,20E,Tuesday,7
2015066081,,4/14/15 7:42,1429015343,205 BUSINESS LOOP 70 E-CO,,-92.33493,38.96512,28013S,2,200,TRAFFIC STOP,,20E,Tuesday,7
2015066074,,4/14/15 7:35,1429014944,PROVIDENCE RD S-CO/CHAMPIONS DR-CO,,-92.337,38.9335,28241A,8,200,ACCIDENT,,60E,Tuesday,7
2015066072,,4/14/15 7:27,1429014470,1411 WILKES BLVD-CO,C,-92.31821,38.95968,29071P,2,200,911 CHECKS,,70,Tuesday,7
2015066093,P20512,4/14/15 7:24,1429014294,1100 WALNUT ST E-CO,2,-92.32503,38.95241,29073R,7,200,PARKING VIOLATION,,70D,Tuesday,7
2015066066,P20511,4/14/15 7:21,1429014091,1260 I70 E-CO,,-92.3465,38.9686,28111U,8,200,ACCIDENT,,10E,Tuesday,7
2015066065,P20510,4/14/15 7:16,1429013778,15 BROADWAY VILLAGE DR-CO,,-92.30034,38.94463,29171A,NR,200,SUSPICIOUS VEHICLE,,80S,Tuesday,7
2015066054,P20509,4/14/15 6:57,1429012624,EDENTON BLVD-CO/BODIE DR-CO,,-92.3189,39.0058,24301B,NR,200,TRAFFIC,,30N,Tuesday,6
2015066063,P20508,4/14/15 6:50,1429012204,703 BUSINESS LOOP 70 W-CO,,-92.34721,38.96646,28024A,1,200,VANDALISM,2015-003944,20W,Tuesday,6
2015066042,,4/14/15 6:16,1429010160,1515 TIMBER CREEK DR-CO,,-92.37339,38.97138,28033A,2,200,911 CHECKS,,10W,Tuesday,6
2015066038,P20505,4/14/15 4:36,1429004171,2101 ASH ST W-CO,,-92.37214,38.95801,28103A,9,200,TRESPASSING,,50E,Tuesday,4
2015066032,,4/14/15 3:44,1429001079,809 BROADHEAD ST-CO,,-92.34997,38.95746,28114P,1,200,CHECK SUBJECT,2015-003943,20W,Tuesday,3
2015066028,P20504,4/14/15 3:24,1428999849,1510 WINDSOR ST-CO,B,-92.31755,38.95372,29073S,NR,200,SUSPICIOUS INCIDENT,,70,Tuesday,3
2015066026,P20503,4/14/15 2:52,1428997957,4162 JUNIPER PL-CO,,-92.30983,38.90405,29304A,2,200,SUSPICIOUS INCIDENT,,60E,Tuesday,2
2015066021,,4/14/15 2:44,1428997467,BROADWAY E-CO/OLD 63 N-CO,,-92.3105,38.9494,29182A,WW,200,TRAFFIC STOP,,70,Tuesday,2
2015066015,,4/14/15 1:57,1428994620,3402 I70 DR SOUTHEAST-CO,,-92.28674,38.9608,29082A,NR,200,CHECK OPEN BUSINESS,,80N,Tuesday,1
2015066014,,4/14/15 1:49,1428994172,ROGERS ST-CO/NINTH ST N-CO,,-92.3275,38.9567,28124Q,10,200,TRAFFIC STOP,,20E,Tuesday,1
2015066008,,4/14/15 1:34,1428993245,1900 BLUE RIDGE RD-CO,PARK,-92.31036,38.98431,24312A,2,200,CHECK SUBJECT,,30SP,Tuesday,1
2015066005,P20499,4/14/15 1:10,1428991826,1021 ASHLAND RD-CO,1401,-92.32009,38.93754,29183A,NR,200,CHECK SUBJECT,,70,Tuesday,1
2015066004,P20498,4/14/15 1:00,1428991204,11 FIFTH ST N-CO,,-92.332,38.9523,28124R,FA,200,LAW ALARM,,70D,Tuesday,1
2015066003,,4/14/15 0:55,1428990917,OLD 63 N-CO/BROADWAY E-CO,,-92.3105,38.9494,29074Q,WW,200,TRAFFIC STOP,,80N,Tuesday,0
2015066010,P20497,4/14/15 0:52,1428990728,1905 KATY LN-CO,,-92.36808,38.92777,28224A,2,200,SUSPICIOUS INCIDENT,,50W,Tuesday,0
2015066000,,4/14/15 0:48,1428990498,4011 I70 DR SOUTHEAST-CO,,-92.27671,38.9606,29091A,2,200,CHECK SUBJECT,,80N,Tuesday,0
2015065999,,4/14/15 0:47,1428990450,PROVIDENCE RD N-CO/NEBRASKA AV-CO,,-92.3338,38.9664,28014Q,WW,200,TRAFFIC STOP,,20E,Tuesday,0
2015066001,P20496,4/14/15 0:46,1428990383,214 WILLOW WY-CO,,-92.29832,38.95436,29083A,1,200,DISTURBANCE,2015-003942,80N,Tuesday,0
2015065993,,4/14/15 0:09,1428988198,1412 RANGE LINE ST-CO,,-92.32394,38.96612,28014Q,NR,200,CHECK OPEN BUSINESS,,30S,Tuesday,0
